"VENDOR_DUNS_NUMBER","ATOM_FEED_LINK","LATEST_CONTRACT"
"022112930","https://www.fpds.gov/dbsight/FEEDS/ATOM?s=FPDS&FEEDNAME=PUBLIC&templateName=1.4.4&q=VENDOR_DUNS_NUMBER%3A%22022112930%22%20SIGNED_DATE%3A%5B2015/01/20%2C%5D %20MODIFICATION_NUMBER%3A%220%22",20-JAN-15
"831017848","https://www.fpds.gov/dbsight/FEEDS/ATOM?s=FPDS&FEEDNAME=PUBLIC&templateName=1.4.4&q=VENDOR_DUNS_NUMBER%3A%22831017848%22%20SIGNED_DATE%3A%5B2015/04/24%2C%5D %20MODIFICATION_NUMBER%3A%220%22",24-APR-15
"013719334","https://www.fpds.gov/dbsight/FEEDS/ATOM?s=FPDS&FEEDNAME=PUBLIC&templateName=1.4.4&q=VENDOR_DUNS_NUMBER%3A%22013719334%22%20SIGNED_DATE%3A%5B2015/03/31%2C%5D %20MODIFICATION_NUMBER%3A%220%22",31-MAR-15
"966134368","https://www.fpds.gov/dbsight/FEEDS/ATOM?s=FPDS&FEEDNAME=PUBLIC&templateName=1.4.4&q=VENDOR_DUNS_NUMBER%3A%22966134368%22%20SIGNED_DATE%3A%5B2014/09/26%2C%5D %20MODIFICATION_NUMBER%3A%220%22",26-SEP-14
"192732142","https://www.fpds.gov/dbsight/FEEDS/ATOM?s=FPDS&FEEDNAME=PUBLIC&templateName=1.4.4&q=VENDOR_DUNS_NUMBER%3A%22192732142%22%20SIGNED_DATE%3A%5B2014/09/26%2C%5D %20MODIFICATION_NUMBER%3A%220%22",26-SEP-14
"965229896","https://www.fpds.gov/dbsight/FEEDS/ATOM?s=FPDS&FEEDNAME=PUBLIC&templateName=1.4.4&q=VENDOR_DUNS_NUMBER%3A%22965229896%22%20SIGNED_DATE%3A%5B2014/09/05%2C%5D %20MODIFICATION_NUMBER%3A%220%22",05-SEP-14
"005050346","https://www.fpds.gov/dbsight/FEEDS/ATOM?s=FPDS&FEEDNAME=PUBLIC&templateName=1.4.4&q=VENDOR_DUNS_NUMBER%3A%22005050346%22%20SIGNED_DATE%3A%5B2015/04/24%2C%5D %20MODIFICATION_NUMBER%3A%220%22",24-APR-15
"601242910","https://www.fpds.gov/dbsight/FEEDS/ATOM?s=FPDS&FEEDNAME=PUBLIC&templateName=1.4.4&q=VENDOR_DUNS_NUMBER%3A%22601242910%22%20SIGNED_DATE%3A%5B2014/12/03%2C%5D %20MODIFICATION_NUMBER%3A%220%22",03-DEC-14
"132799664","https://www.fpds.gov/dbsight/FEEDS/ATOM?s=FPDS&FEEDNAME=PUBLIC&templateName=1.4.4&q=VENDOR_DUNS_NUMBER%3A%22132799664%22%20SIGNED_DATE%3A%5B2015/02/23%2C%5D %20MODIFICATION_NUMBER%3A%220%22",23-FEB-15
"166608104","https://www.fpds.gov/dbsight/FEEDS/ATOM?s=FPDS&FEEDNAME=PUBLIC&templateName=1.4.4&q=VENDOR_DUNS_NUMBER%3A%22166608104%22%20SIGNED_DATE%3A%5B2015/01/15%2C%5D %20MODIFICATION_NUMBER%3A%220%22",15-JAN-15
